bibi,023/12/21,ヒナガ様ってなに
nd,2023/12/21,農業の神さま
bibi,023/12/21,なんかこの前末っている集会があったんだけど
nd,2023/12/21,どこで
bibi,023/12/21,わからない、そんなことを電車で話していた
nd,2023/12/21,でも、なんか信者を集めているって噂は聞いたことがあるかも
bibi,023/12/21,ほんと？
noname,023/12/21,みかんをさがすといいよ
noname,023/12/21,みかんをさがすといいよ
noname,023/12/21,みかんをさがすといいよ
bibi,023/12/21,は
noname,023/12/21,みかんをさがすといいよ
noname,023/12/21,みかんをさがすといいよ
noname,023/12/21,みかんをさがすといいよ
bibi,023/12/21,荒らしはNGですよ
noname,023/12/21,みかんをさがすといいよ
noname,023/12/21,みかんをさがすといいよ
noname,023/12/21,みかんをさがすといいよ
noname,023/12/21,みかんをさがすといいよ
bibi,023/12/21,おい
noname,023/12/21,みかんをさがすといいよ
noname,023/12/21,みかんをさがすといいよ
noname,023/12/21,みかんをさがすといいよ
noname,023/12/21,みかんをさがすといいよ
noname,023/12/21,みかんをさがすといいよ
noname,023/12/21,みかんをさがすといいよ
noname,023/12/21,みかんをさがすといいよ
bibi,023/12/21,おい
nd,023/12/21,だれwwww
noname,023/12/21,みかんをさがすといいよ
noname,023/12/21,みかんをさがすといいよ
noname,023/12/21,みかんをさがすといいよ
noname,023/12/21,みかんをさがすといいよ
noname,023/12/21,みかんをさがすといいよ
bibi,023/12/21,おい
bibi,023/12/21,おい
noname,023/12/21,みかんをさがすといいよ
noname,023/12/21,みかんをさがすといいよ
noname,023/12/21,もういいや
bibi,023/12/21,おい
bibi,023/12/21,おい